0.0791624475180248,0.0910365980534193,0.0573230272764797,0.113087556771905,0.0940178835696252,0.0659142943041056,0.114977760735618,0.0895383197846558,0.0613766257737235,0.108178731393344,0.0614424451170779,0.113950313249628,0.0538632883858245,0.0746286161707936,0.048929056739537,0.0409151127738878,0.107656790157353,0.0918201505404765,0.123610700197819,0.0543964647647179,0.0635723828410332,0.0549233184956757,0.0709429244028552,0.0583839086947827,0.0433693182332496,0.0812407176003529,0.0614529565564989,0.0456244930363431,0.0527201849262823,0.063861933677712,0.106118933914268,0.0876620742958097,0.0596894950546504,0.0519670192731375,0.0352282388073071,0.0886799345933169,0.109228256582141,0.131001487703986,0.0341234585619752,0.0981011910312763,0.0961641276298535,0.103028722356829,0.0367443647590588,0.0722799928072714,0.0711566453490489,0.0501800380296466,0.0294631218585072
0.116665494523344,0.0921911506933651,0.10623738781115,0.0770465296139622,0.111660234266751,0.0779226079180196,0.100759120211755,0.0994133453345854,0.0784821569894666,0.101169610261741,0.0880885991521112,0.124520103125973,0.113701778546441,0.0415175548074996,0.099422594600153,0.0553263053510939,0.109746652660432,0.0616028099698413,0.134258842834867,0.0718802136782362,0.0818420439068697,0.0607445594564524,0.0511952619836172,0.0823744484817566,0.0529148538078064,0.0941917297715359,0.0658174606828678,0.0463790069495696,0.059623047288318,0.0770992500175067,0.109778135799601,0.0651916031512969,0.029169308941342,0.0770370711657654,0.0911739603816448,0.0550052747448701,0.120251689503696,0.0697379736061251,0.0850793161800365,0.0533637140686308,0.0605251511845266,0.058127181547539,0.0421832771798603,0.0984355824708666,0.0967046410604535,0.0525696551695989,0.0289368288757199
0.0813724085174659,0.0713083729820261,0.0668334472058248,0.0513894871657404,0.0867584111148117,0.0463736537590467,0.0672203573732791,0.0767007542913127,0.0635335685910616,0.0772869186626435,0.0506843197996396,0.0902027457006035,0.05176435090733,0.0413220417696351,0.0523158642596653,0.0394516164387818,0.0954484764473405,0.049936615255779,0.0986481514396731,0.0600743992028572,0.0543462287133719,0.0490729668036213,0.0468078250426301,0.0465411107357218,0.0301804637520089,0.0639329081769242,0.0555822363815171,0.0351151387590802,0.0304050872503865,0.038378657101204,0.0776597024915727,0.0552097848576524,0.0331833078825642,0.0433262594632966,0.0476901807072028,0.0524240223958171,0.0964855899904287,0.0686229612052864,0.0434921604127517,0.0543242787491092,0.0574155289339047,0.0688221182566945,0.0365479160939264,0.0616680444162152,0.0536080238513184,0.0560390025226599,0.0341618290751308
0.114013143805021,0.122741820430371,0.0964479348672456,0.0768893610984362,0.14898527375549,0.113688945797003,0.116100422369048,0.118562668402336,0.107869949267987,0.117951337840687,0.077179753006934,0.147109287745085,0.0814102695903216,0.127008253168817,0.0755712447995461,0.0728011573218139,0.129216197243939,0.141012487580088,0.129039899904683,0.104226293778162,0.0754317124428464,0.0988657666884847,0.0726056660269819,0.0584318025642641,0.04584688653092,0.0721865614532529,0.101369096131159,0.0697661499302804,0.0680909609249172,0.104516610816244,0.129326006387423,0.106465405085029,0.0748525238514089,0.0804054862636511,0.0395439773751881,0.096743879662453,0.0962438975495756,0.0948370337436882,0.0560536913813183,0.0627891352629312,0.0754720557187741,0.109642651091501,0.0506566419599273,0.0863228982580155,0.0836675506117853,0.0529283449878928,0.0503354199816965
0.0438386981675387,0.05042214596773,0.0376194592377571,0.033307987420014,0.0603576352571112,0.0351251536957974,0.0353231609054325,0.0486206446483577,0.0488241096369793,0.0390109914611091,0.0379806941831694,0.0504976475836217,0.0431022215252915,0.0295263633360879,0.0321258968148928,0.0277490543025608,0.0652488971132673,0.0440467994874322,0.0534867593297287,0.0513388650494092,0.0330093696948493,0.055000715083382,0.0306364611413129,0.0343787931721594,0.0257552134887627,0.0342112601729912,0.0487939659837051,0.032429643856468,0.0307987925971346,0.053255933713513,0.0602340911824311,0.0549136879753803,0.0219345207439446,0.0356725532342121,0.0262817878843328,0.031657808645129,0.0508224548609401,0.0259835921656432,0.0282443815592767,0.0211797535434123,0.0290894156257757,0.0352083397775277,0.0224786256287765,0.0323869784433581,0.039012307448975,0.024142188447043,0.0246742908674835
0.0958789796292307,0.106439592233934,0.0822164383829557,0.0717684191188883,0.13742661004152,0.0947697805069785,0.0962162866293391,0.107331894315588,0.0937106897512034,0.105691254085988,0.0503514825950737,0.105748795066376,0.061609479391615,0.101047420706501,0.0689000672915262,0.0509525107884887,0.10288193921576,0.123799308180561,0.0923579870327139,0.0930094304392408,0.0628605308807641,0.080972216221068,0.0658203392028471,0.060312390874009,0.0323029406342009,0.0937615551493574,0.0960763989430458,0.0498008563052749,0.0634902577877414,0.0848372680202373,0.120862151508266,0.0979581457182573,0.0590464549285998,0.0837094577835514,0.0261564493360668,0.105897079059791,0.104682917691784,0.0932521412683788,0.0577339400383906,0.0618560743333266,0.0655052560523051,0.0862313805351758,0.0342535597502293,0.0730943262984093,0.0689780415527819,0.0426483551259064,0.0480222220723109
0.14137644856187,0.1306501332669,0.105626686249782,0.064173145108685,0.119872971768868,0.10031188881474,0.116427702103962,0.133128049595913,0.120534071981244,0.0817620578215756,0.0890787796966072,0.149405857977543,0.103396370493067,0.0897499820064044,0.100022932675863,0.0706126070183081,0.136263395418682,0.11663107892596,0.132561824478757,0.104579124576714,0.0747437639710669,0.10199655114414,0.0709971434565923,0.0712770929910799,0.0594467130329713,0.082373806448531,0.0922384862702327,0.0666724826985867,0.059023534975839,0.0642907757944022,0.0873711311709631,0.109549518067665,0.0548629352018263,0.0793904345971097,0.0705766306729049,0.0793063428926365,0.098706487589439,0.0963601025855465,0.0716228150352496,0.0469269896774557,0.0965950629616958,0.106998465633388,0.0679938031744062,0.11266267183408,0.0990134572778143,0.0718615656535184,0.0308832664356108
0.11343337261165,0.0564602700406785,0.0756300651277605,0.0917015083988996,0.0693575731088831,0.054246999389807,0.126820096113084,0.0598585269773063,0.0551645594683925,0.0905406310317998,0.0791751992206377,0.110600997958281,0.0842551232386507,0.0419158435201514,0.0561803382887314,0.0264185827799841,0.102920858710382,0.100624237673948,0.0743184523694727,0.0501304232610303,0.0729987202724568,0.06768930103805,0.0401840179628055,0.0512365976789298,0.0552891309561887,0.0534051629782877,0.0636971996355173,0.032899354819542,0.0399151706774336,0.058718695428058,0.0617012623252902,0.0939626074765452,0.0541577895250873,0.0556288001167994,0.0403333541027089,0.0497644625465806,0.0665157215427414,0.0560275266467424,0.0376386162061865,0.0416832517212236,0.0516387095100045,0.0570394467684968,0.0333246697516478,0.0967331360126037,0.0721768072760516,0.0431783295311261,0.0364592455745524
0.102175616152111,0.0672020117738441,0.0786767801245141,0.105656415899133,0.0662522774649823,0.0490820122081028,0.117469774473671,0.0673552137754013,0.0573114873558767,0.11494173918069,0.0787452700161346,0.0985266708259934,0.0724863295443592,0.0573288971364532,0.0530273130940182,0.0275681315919757,0.111152648756872,0.100089775171049,0.0978340304284807,0.0463680735743976,0.0942360365323588,0.0673699256991752,0.0518443038843147,0.0589372803658726,0.0639423545389961,0.0520100722009353,0.0655484906590963,0.0548942910314354,0.0538753549154402,0.0710143561389732,0.0532457076802982,0.0923399571251257,0.0640025455407492,0.0551160988928275,0.0437329178905798,0.0582673131313748,0.0579596090414431,0.061367732253836,0.0348332751591354,0.0469643372583691,0.0662497263098382,0.0792727360152806,0.0426799534788297,0.121219274853846,0.074837067606427,0.0472970657527748,0.0335721727147209
0.0369513521661035,0.0356326001237406,0.0304133394523879,0.0340166646467986,0.0515376285378789,0.0299585605645509,0.0349760296407087,0.0396178121456791,0.0399719146654055,0.0475832576919562,0.0341135563632227,0.0487012684136536,0.0323421952692026,0.0298525991537265,0.0242305125627899,0.0185653572342963,0.0589681980454411,0.0382082813854198,0.0505162658753304,0.0396552621023722,0.0330413463766616,0.0339628711230921,0.0253000645825265,0.0332892531772835,0.0215476502525028,0.0398757672022429,0.0485097403851021,0.0229873258191161,0.0249090888969031,0.0301297772386645,0.0597875823627325,0.0436124737173552,0.0218356848284946,0.032907517506994,0.0224148823446682,0.0379321328746954,0.0557546913013532,0.0333673964363041,0.0210477224521462,0.0242274713685682,0.0223337639196642,0.0369171306041991,0.0213062489793752,0.0413451001100155,0.0282846229651833,0.0255695762244888,0.0172926495254316
0.0679124122434384,0.0764788784968109,0.0588313384179654,0.0623894869678795,0.0911281650527987,0.0753435282595099,0.085574175433321,0.0863892009946352,0.0692084830303078,0.0961776660765546,0.0481160054920006,0.0936861277561051,0.0420662774144737,0.0796026095490775,0.0457282428398612,0.042591404877412,0.0977206311466116,0.0854086798362167,0.0915457191165889,0.0646666682219431,0.062477463570855,0.0611191649691456,0.0547885801442807,0.0523963810437885,0.0341792731115173,0.0769238267575463,0.0698699878350477,0.0534073723898478,0.033514965861823,0.0417958369297351,0.0982463733313324,0.0817203155804028,0.0646962429938423,0.0538787923316318,0.0304623255168472,0.0985776550452674,0.0859580755351119,0.0878193053767912,0.0357309863093708,0.0541641566490503,0.0706252562114247,0.0904359016701563,0.0394273981018465,0.0770995542489706,0.0697997657477573,0.046598221340517,0.0263185161659043
0.0433072787908272,0.0588013329354744,0.0351222172728626,0.0546219622657655,0.0437258850057623,0.0475868060065757,0.0439722270599231,0.0538253403257236,0.0504918900106969,0.0406760174028562,0.0453949609154143,0.0434290812231555,0.0390755259244388,0.0270146102494767,0.0393832501320045,0.0313643816191798,0.0459974089061725,0.0453330924303971,0.126150691038571,0.0490164821890641,0.0384155412958219,0.0382914352409723,0.0813945032828537,0.0467690241581562,0.0357309595089389,0.0445927205450535,0.0347163927968468,0.0307527593430243,0.0298919398664363,0.0310396076347978,0.0380136366215983,0.0534271060949148,0.0355751977583115,0.0357102576750942,0.0317457594719798,0.0439793737037861,0.0402064426442256,0.159137073407221,0.0263634144703444,0.123411005448846,0.121512710209514,0.0946448566384223,0.0457775724753475,0.032238234762238,0.0341491256996638,0.0436497674270638,0.0163616598308363
0.0896639456504103,0.0605068922463078,0.0665510821202429,0.0999102852756272,0.0689596136582407,0.0548852433135043,0.117806938116548,0.057266714398897,0.0627493184017195,0.100791823849124,0.0738748982178605,0.099838895882001,0.0642775902447005,0.0365629843114411,0.0405627160886227,0.028326845851915,0.101483302902468,0.0970858188984697,0.0805873582019988,0.0500076910904654,0.0751414929285192,0.0621549755100226,0.0393450764708013,0.0509339362074806,0.058623955602275,0.0480949366151262,0.0562323627673572,0.0377810862002646,0.04063370027974,0.0593289141487537,0.065752738945566,0.0848213597164417,0.0556861685190634,0.0527931028816069,0.0340935386535159,0.0489805532106996,0.0654281910188405,0.0558317464184918,0.0356602512093092,0.0416931650872778,0.0506310382669175,0.0629594238749283,0.0308426079585319,0.111668761769813,0.0656409946830711,0.0375300239748675,0.0308273833128815
0.0970427859613125,0.0526702931942662,0.0659503416551911,0.0864539906171701,0.0678767431667247,0.049326140008165,0.102717122083218,0.0561424950879927,0.0542652904681827,0.0861303638076942,0.0608161261350678,0.101163144262863,0.0537929538111313,0.0447179685095933,0.0381801830340992,0.0240783650890836,0.100019166765184,0.0959704303129964,0.0687533672818043,0.0431713240125243,0.0762232040995229,0.0614628710369449,0.0406018869450757,0.0403853789088479,0.0463783515651014,0.0511037159064585,0.0697999139678369,0.0391412346595115,0.0327195487010368,0.0548478047389373,0.0622553704636896,0.0903877704582556,0.0482214714709023,0.0520064563850848,0.028978073746416,0.0626278010177358,0.0608172651075961,0.0551807577217906,0.0305362511233331,0.0372471674899622,0.0454480776845113,0.0596515064548483,0.0279171896482462,0.0976618435574559,0.0567101282343176,0.0351724187969105,0.0278446509814103
0.0917652742994023,0.0775580628945514,0.0765603174822828,0.046463708919209,0.0914700641667259,0.0655459739348981,0.0671154177680348,0.0805713141694734,0.070220299897621,0.0591510904252973,0.0417374143244041,0.0913942228060489,0.0569057828117684,0.0438245160300418,0.0452452387274951,0.0363002425605619,0.0960056957576341,0.0637595227741413,0.0683169247268677,0.0692896006647571,0.0623124026158808,0.0511727277768712,0.0595350701276736,0.0354174408058772,0.0309761433481622,0.0590203551093525,0.0756212994237579,0.0337365653431857,0.0603740405361186,0.053532094694759,0.0883952181946682,0.0732388362431342,0.0419033889632581,0.0695239796085857,0.0319257768424473,0.0602077660723955,0.0863716756654125,0.0591022405609417,0.0394162182199006,0.0337205075052002,0.0443339791860426,0.0694861516753544,0.0422182786467855,0.05561141146081,0.0466827374802664,0.045868346092799,0.0231318901714965
0.0755383955434646,0.0394480695142554,0.0486860193932274,0.0712428379479485,0.0575982986805023,0.0375070555209217,0.0916117645829438,0.0448833641434716,0.0347674763736317,0.0811744624139568,0.0527820514816397,0.0851698748738139,0.0521974300934212,0.0379952973038313,0.0368277197264515,0.0225406933100817,0.087919435382113,0.0732572600083828,0.0604439234881058,0.0301923742686741,0.0575062112462609,0.0434439901338986,0.0310381346460041,0.0345477757035235,0.0394958973902283,0.0604949949182792,0.0442542711747064,0.02590422382559,0.026667763527276,0.0361669279342934,0.0607787413469805,0.0693642742798729,0.0296589967433867,0.0318084602050577,0.026016115610455,0.0456106855258435,0.0690746909206074,0.0649756819457901,0.0273686696562904,0.0397472228927862,0.0461600071913494,0.0511454335641248,0.0258741525275347,0.0863132443194533,0.0541701484677036,0.0314031038095721,0.0237856647571581
0.120465851876956,0.0574624740885952,0.08611058297977,0.0571613290595952,0.0771551184619294,0.0694943334122943,0.0844356061098944,0.0556836965889533,0.0629572596930925,0.0831240198710655,0.0889215900032292,0.0959966120908996,0.075657626493308,0.0505262168226423,0.0388077010488649,0.0361112157338959,0.0804055360100539,0.0734960962364785,0.207736423501079,0.0572267728367077,0.0685443754374787,0.0966129633465006,0.139425034597094,0.0572013364527581,0.0936646334146729,0.0407568764781517,0.0549019937641321,0.0523100628157267,0.048020246122009,0.058782114114039,0.0500939590464088,0.093655345677231,0.0602134890600264,0.0500513575211719,0.0405823585877079,0.0574063355023858,0.0638322090291853,0.227039393681128,0.0354788167862128,0.0934005336430534,0.181325022600524,0.0892555445595004,0.06348322282144,0.0941475334853933,0.0715323998614677,0.064437238324176,0.031698071971413
0.056352557757606,0.0308135686437702,0.0421323862458924,0.047612823461553,0.0637871832190025,0.0344857759480116,0.062893501027839,0.0353270247472152,0.032364457932689,0.0577401661232646,0.0405448485980724,0.0599635980812047,0.038004887577208,0.0350429111167227,0.0286275549430447,0.0224816064265584,0.0618443943160223,0.0449784872649011,0.0434975518206369,0.0296697979383939,0.0405510588658018,0.034248850577927,0.0271103563996656,0.0333474265675837,0.0305539720963008,0.0424010480910932,0.047354582607775,0.0292163047901619,0.0234680096460977,0.0445437795792082,0.0591377504931311,0.0406510447979993,0.0172065407396156,0.0328056996012635,0.0189818477808596,0.0465713987238045,0.0675246868086098,0.0424929431705985,0.0269717493653976,0.0228750185664069,0.0255549472080364,0.0338841445945318,0.0208566906127936,0.040977283668021,0.0406725589169699,0.0245439932037922,0.0252877239057642
0.0339752145968782,0.0245781501772775,0.0213692364485567,0.044424253195224,0.0253260249905165,0.0328553026366063,0.026885651821637,0.0205106464393591,0.0276126197480069,0.0324480786445602,0.0362205288478028,0.0383730742703106,0.0265811006137325,0.024684462044828,0.0234242978745144,0.0185211542678145,0.0350880902588952,0.0357618438045686,0.0669998479085124,0.0219629171337371,0.0255987382430865,0.0206177637670357,0.0550636262486927,0.0381333766308651,0.0238924872739999,0.031017069917633,0.0277420285804634,0.0198148338528862,0.0210760333573701,0.0197675966904652,0.0309969033527308,0.0308717681882944,0.0276040746561726,0.0165191627556589,0.0234795724284852,0.0186826705834621,0.0290811717699619,0.113848134909427,0.0233790177466479,0.0795138739064171,0.0826335372308341,0.0744273037574418,0.0262141740934613,0.0211520593508313,0.0358462480356503,0.031102613956585,0.0161475760975304
0.0930112806207645,0.086091852606519,0.0763957025311793,0.0639241115158946,0.0978362087442623,0.0672018205305903,0.0931346767439369,0.0914306418247581,0.0692198852502751,0.0980820042891439,0.0556240289949905,0.0980134234932612,0.0458021077289174,0.0525623344488421,0.0367897016611641,0.0310988373822661,0.0994781238091688,0.0713572226125044,0.084372922376606,0.0693908423274395,0.0742614561949341,0.0737544229785469,0.0625021464865457,0.0418302983047728,0.0431680798185091,0.0826463610235891,0.0801505309949712,0.0492238272729024,0.0478903082669219,0.0546355967720077,0.0757910685422909,0.0860966976085715,0.0228046005817519,0.068857915560652,0.0280319138549513,0.0716795050472549,0.0842372432543631,0.093121121277951,0.0332677501351212,0.0503843638832837,0.0794996687241901,0.0622036811532304,0.0271511110954946,0.0802475640413455,0.054138795746764,0.0366581510092092,0.041749557259343
0.0966423823335702,0.0707523959286617,0.0802369876483688,0.0627876938076428,0.074275222236118,0.0674613453049787,0.0538511192065998,0.0623324946163492,0.0648730638369014,0.0436149494746111,0.0747830549066174,0.0712935097940175,0.0630949157518038,0.0377226147121724,0.0612935289554857,0.0456602012281255,0.0644607871649534,0.0491843838243369,0.292236494261048,0.0572027373659304,0.0392340186231072,0.0595671585624989,0.143638031460242,0.0634736339219261,0.0630138645760908,0.0474438792098608,0.0380322090474036,0.052008700566104,0.0382997151231565,0.0544882309383127,0.052687824429006,0.068161893225683,0.0493616012415576,0.0473013158661784,0.0481527383669025,0.0587705653869206,0.0668575032383439,0.238208412970668,0.0445239197246386,0.170968547404633,0.212693004600713,0.0799290348001948,0.0768312131569989,0.0472339432200106,0.0684775612391206,0.0558664035134957,0.0282493593607468
0.0559103969532273,0.0430920778396985,0.0442928432220163,0.041829481544943,0.0709281926185676,0.0385514009764276,0.0562205954313915,0.0472109501018212,0.0403777297783944,0.07294102546089,0.0399597699709096,0.0622507119271974,0.0375663449935552,0.0309611372817775,0.0296156345939762,0.0232126922201176,0.068353192900663,0.0529435744160594,0.0513810462750171,0.0419148021604787,0.0424784623764039,0.0461671400195505,0.0301906037073013,0.0347489326693384,0.024281680339271,0.0455343253937264,0.0637239819693958,0.0251431677899181,0.0212249232060227,0.0324936530435918,0.0660971767456726,0.0574819672564506,0.0275946151155657,0.0394582580772751,0.0212962222845324,0.0457574872520359,0.0647351262917021,0.0409653139052929,0.0247172125002268,0.0238865210030049,0.0236870881481899,0.0440036515685006,0.0242804649131278,0.057611694007532,0.0359155911915749,0.0279409151129766,0.0242128132854192
0.0548766880255622,0.0375141233919141,0.0406696734789695,0.0449919124605395,0.0665813890496298,0.0354521036827176,0.0430655706993927,0.0401692092554126,0.0361592305693612,0.0546873567428647,0.0304616528191943,0.0509233521429073,0.0295883301723304,0.0262606875088252,0.0257674122274656,0.020344698839685,0.0518388073109471,0.0459348012738503,0.0432837749007472,0.035201780970068,0.0332038137379856,0.0403373148834683,0.0314708655178512,0.0325719964218565,0.0171088545004659,0.0371690240287368,0.0502774750447389,0.0215153159960142,0.0193574170234125,0.0315664252854666,0.061784378258199,0.0527018090367214,0.0209542041346134,0.0392136839935316,0.0170037919978437,0.039870677099322,0.0591646359108734,0.0403828922812365,0.021608982390411,0.0254668789868325,0.0239592485162177,0.0347778910780526,0.0244984509863579,0.0450985442791414,0.0307932380380087,0.027129313985366,0.0167167322517466
0.107409844386707,0.0522571922302668,0.0696099422743139,0.0780093722799166,0.0619999846149238,0.0426692132111136,0.108995795754305,0.0518028472105597,0.0493852983595659,0.0690558303772907,0.0734616857167065,0.0977017688877877,0.0773726429795943,0.0408703107324582,0.0461098091746177,0.0256401120103819,0.0968514282710511,0.0785332834517664,0.0735621972887663,0.0450277468768009,0.0628566992310992,0.0595158030051486,0.0435528455328648,0.0398492566549872,0.0607233459714477,0.0434966157330022,0.0532572270624486,0.0317414724348806,0.0384561249716652,0.0663235542899482,0.0517889632028868,0.095053876391971,0.044077261048495,0.0502114844491791,0.0362415818245431,0.0400039396309117,0.0526204192238278,0.0667541129064629,0.0363045898443202,0.0332955843375891,0.0561341410473292,0.0493304177717818,0.0377606655375668,0.101015089368036,0.0680997798886904,0.0358154676478114,0.0346451755331664
0.0644875630149458,0.0707660132723846,0.0559911420957468,0.0453520043492283,0.0802914570077758,0.0425687075178872,0.0639241900543196,0.070726238616609,0.0603040809453654,0.0965146069552868,0.0406683671076634,0.0530752464008034,0.035910422661634,0.0383193712601506,0.0317377470809999,0.0277924362696779,0.0650243568922373,0.0455813190361411,0.070756572601399,0.0532496368124034,0.0605220311410974,0.0583721681322088,0.0465851190302162,0.0356299559917478,0.0263543867234336,0.0416594320798156,0.0585775371843279,0.0329743859552992,0.0304782655519278,0.0363168943630225,0.0650551825476365,0.0687665540930789,0.0254785734183779,0.0505442347235464,0.0267992055823427,0.0461959558985934,0.0660165156802993,0.0441027438543182,0.0313932837488172,0.0273590509195609,0.0459543391618675,0.0462192682260401,0.019190672636743,0.0824740467058088,0.0410147927538316,0.027261194574694,0.0294060299859955
0.127320284514191,0.0772203202487451,0.0861877741685256,0.110828034498527,0.0893717116693763,0.0685019153573758,0.156918363320603,0.0738737028564633,0.0735726850472607,0.101319626033348,0.0883681989814886,0.131186746885786,0.0887535292555761,0.0554053563602388,0.0551408440491063,0.0343953911378262,0.139508864711381,0.123619476549798,0.0853921360537436,0.0688063393252316,0.0866237746438448,0.0754616676369112,0.0559443575542865,0.0530220641964584,0.0737386008009966,0.0669209560606686,0.0836777157064927,0.0392938107758672,0.03976780513039,0.0857337298297799,0.0763472622121474,0.117480304821829,0.0420425405255892,0.067185111823319,0.0401635114179465,0.0493157789631357,0.0751439442778735,0.0806097558746716,0.0500119043724167,0.0373576053516056,0.0496673540353847,0.0619784875720282,0.0347766077077932,0.115668315212001,0.0801787522862459,0.0386172363147045,0.0406774798416654
0.141889168872867,0.0981625142902109,0.0853047538214373,0.0816000764719821,0.100416573363721,0.0747398162121782,0.148176033558011,0.0887625745273915,0.0783325814795518,0.111686719004575,0.107317592056755,0.152229842396836,0.111697961111697,0.0638467580105741,0.0727026793268974,0.0332286178203453,0.129880865223367,0.128431970450829,0.0963713170304283,0.0735384154061019,0.104129573778522,0.0710250578764427,0.0573920728533745,0.0693040394479813,0.0844003039224047,0.0581901017949503,0.0776510826789755,0.04424918256526,0.0522405882029757,0.0762468222848013,0.0672252805659675,0.0958703353322039,0.0668149541476456,0.0599516546432846,0.0700589534085325,0.0667741305670699,0.0708927166056348,0.0695294002101921,0.0585544624301057,0.0418770195574298,0.0669795950110001,0.074899161252799,0.0482276346434299,0.137721397538312,0.0776640039399981,0.0574103990602517,0.0424963815644715
0.0545964966977425,0.0409167403806584,0.0411748078977213,0.0489513593435703,0.0409933049450998,0.0287911006763945,0.0502831407430038,0.0383352530344627,0.0385122940595571,0.0417232397242914,0.0436803278627817,0.0486713750997389,0.0452490080911583,0.0276444694270169,0.0278865087155463,0.0165802313520931,0.0551293298259274,0.0434944086659903,0.0507431451125601,0.0343431123442266,0.0313809603449283,0.0400053090559411,0.0241719329040804,0.0259380364684007,0.0349020694364343,0.0293379966149938,0.0394006687472752,0.0223987630928943,0.022502355588493,0.025762426994705,0.0351768250657692,0.0563024314020723,0.0250999928207692,0.0341555775493726,0.0210067886894246,0.0284843266058236,0.03433467376444,0.0331650391543015,0.0213192322659677,0.0182208575148922,0.0316602600063767,0.024417621817844,0.023220031535501,0.0611546602526055,0.0308060070108886,0.0227411506800787,0.0252073667957753
0.0638620124077424,0.0582687158669911,0.0389497659370994,0.0329022364032798,0.0478967710054489,0.0433657215856212,0.054034809602358,0.0563616074464588,0.0524303487020639,0.0303692029957719,0.0382194385054815,0.0542528495044872,0.0390823179421337,0.0415847431364705,0.0295395421079994,0.0235918529198489,0.0513666029101012,0.0483435399634053,0.043840751961783,0.0437255052619584,0.0383296799810258,0.0403343293938335,0.0314375788060349,0.0419144732902387,0.0321488137007093,0.0469478988948277,0.0450840315076167,0.0421135896819515,0.0292947504224046,0.0369218683775878,0.041011953460455,0.0515142600665168,0.0522595818508001,0.038015151150485,0.0425709189373266,0.0553467772320525,0.0446985183737348,0.0273982205716701,0.0405425263223813,0.0264432862631432,0.0267609369889206,0.0525709591476521,0.0360959347488268,0.0337782371944106,0.0457438551872352,0.0346089188715279,0.0310054816607133
0.0430210362423945,0.0489017802324185,0.0404828090876528,0.0359716128105755,0.0476585640112113,0.0332266423995754,0.0461703825274907,0.0453655110484021,0.0405448253559793,0.04827587601278,0.0313878402042267,0.051214098203913,0.0284390174351796,0.0321780247543856,0.032978522099185,0.0272334742660754,0.057172052127477,0.0373843675337977,0.0488402572829825,0.0427544058665316,0.0312922847457378,0.0396961401213734,0.0305473404427166,0.0287293759000761,0.0231769625405161,0.0339799767023561,0.0445870515161505,0.0267892896138668,0.0189783869702735,0.0234603127729516,0.0462579566868977,0.0553720815852991,0.0286387127499934,0.0315502277191884,0.0224062809454739,0.0411549357156858,0.0346053954066824,0.0357744803642478,0.0243940466326031,0.0250855979815224,0.0345958795655425,0.0417942308144849,0.0247276859573977,0.0566309702795813,0.0296831226588564,0.0280524641850338,0.0201474162266914
0.0765052828959787,0.0522464087894117,0.0618687300467835,0.0358202836959062,0.0600003513769676,0.0478746059146959,0.056214814414076,0.0485375747154836,0.0629193625827616,0.0399004870664254,0.0380000594049284,0.0707676227875911,0.0379813197207079,0.0372072676490661,0.0266913841024716,0.028656911797951,0.0624416103927924,0.0539894348788492,0.0673186110121244,0.0597761646882383,0.0434111381732594,0.0523004289409616,0.0301201579108914,0.0273619548371287,0.0313093445325463,0.0287243230147115,0.0467490063307301,0.0420978452296121,0.0249101989259971,0.0318350111520783,0.0296608989581014,0.0505149218190265,0.0442822691531754,0.0408768387144242,0.0269648307253037,0.0378766038366643,0.0295340365826528,0.0267710986703079,0.0247314098609338,0.020453354192471,0.0350122879420087,0.0394938772904199,0.0393567970746386,0.0429920094728596,0.0352646768157952,0.0300675024838302,0.0219027891123545
0.0579248794970681,0.0663944001385328,0.044909420513105,0.074437212112029,0.0558111097867515,0.0647888099969416,0.0699637187714537,0.0567929464882706,0.0539037864584819,0.0366464173034279,0.0571887445581908,0.0781278714452614,0.0437001662954974,0.0347593841796731,0.0450296478275455,0.0323350084862159,0.077046261758395,0.0568135138140726,0.164737673132928,0.0515025319340874,0.0356129590248575,0.0459805422553871,0.108262608607951,0.0597967763588739,0.0756075143611657,0.047557119095837,0.0412679709942096,0.033219458901227,0.0264089440858423,0.0367233656073228,0.044357311168403,0.0694039600572189,0.048647835224348,0.0371654771019332,0.0390279688453066,0.0474671098566396,0.049714326442291,0.300495419871062,0.0392546123227839,0.231635358008833,0.237557302124846,0.105181541280577,0.047264762625106,0.0389418947255659,0.0484082464914183,0.0359264386341356,0.0272385427920051
0.0481450802923725,0.0479167532810597,0.0407292641231143,0.0519991210507542,0.0526160324751507,0.0399537069262599,0.0616341041931812,0.0451665390172435,0.0445390015127139,0.0611619272126908,0.0327296652519826,0.0535883272011939,0.0319875508767256,0.037563677019761,0.0334044136051388,0.0248480311107782,0.0531887896820094,0.0547225526518809,0.0501370724759977,0.0338772868974866,0.0440318692916949,0.032974243293283,0.0341652108041256,0.0336216606519772,0.0250919506286335,0.0427154425002671,0.0363274625059394,0.0416992020596293,0.0259178271000424,0.0484606962836702,0.0480307956225167,0.0476676462396317,0.0376263522467353,0.028687109447119,0.0267677962917214,0.061771915850049,0.0525191642797141,0.0379727444124428,0.0279115422657226,0.0401389930943375,0.0324930524147113,0.0502384888179293,0.0313701593052474,0.046531970386583,0.0321852498279547,0.0263624818964833,0.025891967418097
0.0890295386343398,0.0848921223447543,0.0762727360205484,0.0387032794982649,0.0805191781033897,0.0580595530353414,0.0628557015902099,0.0764401552739579,0.0783167301088762,0.0450839807373239,0.0536737012990428,0.0719161134591359,0.0644687422722332,0.0406717609962964,0.0632256330305344,0.0491279976008783,0.0647612706861487,0.048089415090774,0.122837894353807,0.0646223081698075,0.0609156177697557,0.0477810080366236,0.0623487178555275,0.0557573703295945,0.0313202795678088,0.0438552211633325,0.0406291856969082,0.0334767498073425,0.0418957007713689,0.0477830433599749,0.0393478941986968,0.0439751935889031,0.0435758017616328,0.0408302607092173,0.0441966328867568,0.0364799902400459,0.0713957313229307,0.0592943439624471,0.0447308048132104,0.0407353748194374,0.0556805013512851,0.0796416343961627,0.0811587674279976,0.0591360226561561,0.0656253803529266,0.0792372651510032,0.0326613774349581
0.101641529057007,0.0808725138763424,0.0656089830687268,0.0895748060485117,0.0759920955415694,0.0585393019664085,0.140304139555892,0.066245060622994,0.0666256266225067,0.1255300821555,0.0898534898483148,0.143968871952565,0.0823232753245577,0.060263471071031,0.0450048764364645,0.0252566153686614,0.134724424804795,0.113176449475235,0.119113871908167,0.0628243458442983,0.0821733399631606,0.0548298493544233,0.054422236391131,0.0733591686120648,0.0599076004215534,0.0555739911153538,0.0667823327523525,0.050990576252873,0.0433958385411771,0.0658821736170974,0.0699549437786526,0.0915338676468951,0.0697740933776001,0.048265469873378,0.0412206520022172,0.0572422932141266,0.0754801924307254,0.0690668833916317,0.0378639144122317,0.0508914895630295,0.0570793288642231,0.0936837434179517,0.0502147891340323,0.0790631453433049,0.101583062644753,0.0515533660373623,0.0464837231883634
0.0569168837792061,0.0490147479817147,0.0516405966210965,0.0330323986048022,0.0545672002716529,0.0497467278187071,0.0484803451952182,0.0486761389556341,0.0423756776866954,0.0362712999558152,0.0313693746265186,0.047787307226821,0.0315963318355711,0.0458521779071955,0.0349651246113744,0.0204135684435372,0.0513299283451133,0.0467818499327252,0.0503758054195361,0.0406235554170585,0.0272235961439113,0.0540897042056872,0.0401498162049312,0.0266897816543567,0.0259108231411923,0.0373381360066718,0.0433859983306993,0.0300152331484828,0.0247149549110748,0.0302292602257736,0.0452456710888273,0.0648605955490209,0.0451529704936031,0.0333726793684652,0.0209070475743778,0.0536270782300132,0.0482917984759479,0.0441036106551554,0.0234416986009343,0.0282127044396288,0.0471554763216168,0.0569791535099973,0.0311298211270376,0.0519661901312303,0.0510537213863943,0.0348907732364383,0.02342808264811
0.0520410818951945,0.0495235539129797,0.0421525929631383,0.0342769574906054,0.0505770312309025,0.041354988088328,0.0453624011855451,0.050182117216544,0.0477711193593709,0.0412671553729935,0.0415493426163217,0.0517504862793536,0.0434709860695195,0.0270085320001656,0.0315384605363201,0.0166301884939195,0.0631771344685522,0.0407817344711463,0.040119965750977,0.0461653866049456,0.0330184689297982,0.0424238121447092,0.039191665946934,0.0315376881475326,0.0339229066604753,0.0371439895068852,0.0358257478334372,0.0274112870775423,0.0279601640023601,0.0385571654448218,0.0513555445426255,0.0648108248621789,0.0263194903597055,0.0392581633359786,0.0303014858457098,0.034429823510368,0.0521535809857515,0.0465210690105851,0.0313699302743847,0.0229615822080583,0.0341410500006499,0.0441793402905577,0.0271702968857461,0.0509311503983011,0.0488817852643332,0.0323844048623039,0.0232964263500663
0.0658851700066588,0.0663475757346029,0.0586059001910564,0.0332444236968188,0.0821706254118011,0.046973685002168,0.0566543815053791,0.0659414630059544,0.0566849722110904,0.0477548511024211,0.0463662761187428,0.0539428295308616,0.046140315712411,0.0462915235979598,0.0560117652942182,0.0326630470662485,0.054634744203515,0.0553837794336742,0.106279795565277,0.0527024414405028,0.0471175138950619,0.0464030634664723,0.0523767905384477,0.0356115732064394,0.0296442571629363,0.0346592027498615,0.0379577098268779,0.0348236448188453,0.0344879696404885,0.036462511925645,0.0350890043129215,0.0529243126566122,0.0568743557558723,0.0392395290809613,0.0353617379520948,0.0475862011598907,0.0329378204436735,0.0512529903001885,0.0421147482276455,0.0288212378415282,0.0576862827215232,0.0762809712403709,0.0530674707018491,0.0850242977650032,0.0541551403969794,0.0689535197671488,0.0265458265736122
0.0555191505816111,0.0545029499656584,0.0333505064578566,0.0238669411410832,0.0493020786044325,0.0400888437173945,0.032474778541899,0.0479136345652018,0.0534407962206378,0.0469326469457072,0.0518686091628634,0.0559563987268869,0.0434886073905397,0.037930128540527,0.0412946847515212,0.0267090095374108,0.0554996389901299,0.0342290084963435,0.0538200696549833,0.0466235510133647,0.03424079507148,0.042997664779564,0.019690778927893,0.0484903986776146,0.0316268321476717,0.0386654351378672,0.0311666510240839,0.0369170795945122,0.0349550165126636,0.0367596376506221,0.0386735285573586,0.0432381627002042,0.0298947237782055,0.0369765990626452,0.0427220627192867,0.0336971662193961,0.0344133208076797,0.0363864031653966,0.026769750315298,0.029211534945131,0.0269866405213972,0.0342378049112182,0.0282642945563614,0.0301418790320164,0.0471996895123355,0.0244405219486903,0.0219837451775945
0.0958243814076678,0.036653054119252,0.0513965261192026,0.0713795714358675,0.063791592465118,0.0492205537285677,0.117291405886592,0.0389701090874437,0.0548811997018919,0.0708544167593965,0.0655761218147771,0.101320617197548,0.0666555954520061,0.05159658481726,0.0329513972610289,0.0271510711716804,0.0990061159114051,0.0852408461593449,0.0584390458434602,0.0409882306052821,0.046594356049287,0.0615758668025979,0.0514366761300806,0.0304859697702838,0.0603703367403076,0.048674999604222,0.0399073629310921,0.0387657153781862,0.030299884314895,0.0568308547114559,0.0465162845180852,0.096197653622982,0.0399723974896182,0.0349460743462753,0.0213055991500663,0.0410831114478578,0.058004554474284,0.0580794670193825,0.0204360076682781,0.0405144187429081,0.0431983566904019,0.0576558716847111,0.034792586143197,0.0792736093900015,0.0759251943269777,0.0396727159698621,0.0290158697107891
0.0480470348420566,0.024092694967275,0.0343912583067378,0.0280266633888107,0.0296206351208602,0.0270906633829988,0.0417627733405092,0.0240733963094214,0.0251213219659747,0.0312566759382111,0.0246833164024818,0.0345856808473313,0.0306355083954912,0.0201216650238972,0.0164214124149803,0.0135671152094312,0.0290016311032173,0.0315368889295488,0.0329034249021009,0.0257242697062709,0.0318558313518799,0.0271589879430426,0.0320879373274531,0.0183376382629709,0.0219146248092098,0.0140227446340902,0.0194217347868983,0.0218126600028973,0.0156514215383675,0.0350419786475905,0.026160983569629,0.0392344438467535,0.0288872028071501,0.0207761995253888,0.0215824913381653,0.0198652839765248,0.0211207935375467,0.0379289801171478,0.018888092902485,0.0199087203047611,0.0259096850589872,0.0239117360751998,0.0170188198001606,0.0334704300977255,0.0389766089789968,0.0196779309315236,0.0208031544503792
0.0485694314671504,0.0609346222648288,0.0331687409599939,0.0214502751485977,0.0495776125752998,0.046620290841002,0.0392619086086328,0.0597584798177363,0.0529034145354631,0.0546318799454024,0.0414335325549493,0.0548664804853587,0.0339071881505559,0.0441065497720844,0.028710807203574,0.0239895148019514,0.0523773825752973,0.043419636320232,0.0440411100652534,0.0493537816475902,0.0427965063085037,0.0282455788316809,0.0268349896820654,0.0460963509147877,0.0235129315761841,0.0458422380976369,0.0305965694838852,0.0359851224488114,0.0305172973113074,0.0334720944724246,0.0447105278969685,0.041068432114884,0.0508720713433388,0.0326045321686774,0.0378787339292135,0.0485524708670134,0.033675012917956,0.0306271589306901,0.0256625923170425,0.0313871554942416,0.0305242269730121,0.049031249177846,0.0328187118813276,0.0250004591054944,0.0573290811087183,0.0380410777232516,0.0292193593965936
0.0588497872637084,0.0647483183049305,0.0452575428630761,0.0448551641132825,0.0593658349852795,0.048767983990683,0.0482311660248552,0.0612148100524356,0.0545490495017017,0.0468547344110813,0.0322409625064142,0.0631018317831552,0.0289975912288254,0.0361409776296492,0.029388547722249,0.0280993644525842,0.0646321331260012,0.0338952654606513,0.0590040993574371,0.0453526288522638,0.0320234680375864,0.049260103654638,0.0465467480740049,0.0294768064127843,0.0230060482918029,0.0427367945576172,0.0525955385548462,0.0323092050496015,0.0213719857155685,0.0354369663616652,0.0504712390248673,0.0602812316479848,0.033470116541143,0.0461700198346418,0.0261784453089877,0.0539713011488132,0.0525286261758402,0.0485120200505887,0.0229145197885416,0.0352170395019746,0.0333874624984629,0.0504241654480763,0.0358522958645959,0.0422148759563607,0.0279577942564866,0.0447009498074846,0.0246645690212947
0.0469461283000395,0.0372085860660952,0.0338967304782608,0.0503417533987941,0.0433986956811362,0.0331380699456581,0.062245743653786,0.0351133941568466,0.0287219185470125,0.0322979143065161,0.0406229988630832,0.065315609020363,0.0312655702508905,0.0290198256777352,0.0277549658137292,0.0220926482442525,0.0639344310258229,0.0462685542000327,0.0977829482286998,0.0319474029189607,0.0272341145462626,0.0283895771198437,0.0550646917042133,0.0360481579505045,0.0359339311217814,0.0224573175981787,0.0329548865044448,0.0283371215810051,0.0180819335539877,0.0365572929444902,0.0242282783515771,0.0440785869849851,0.0527934772136374,0.0233749783706707,0.0202469244337487,0.0409199202573123,0.0345804029176945,0.108580765093027,0.0227154219212303,0.0831091903265899,0.0902042219324112,0.0594031560591148,0.052915208299152,0.0412605930071075,0.0381483620113935,0.0597705206323165,0.0204801459602432
0.0958377074331339,0.0614661380570776,0.0707931148087871,0.0642216419385786,0.0635611756736812,0.0524097900808059,0.127511865401513,0.0610115748674318,0.0704952615260064,0.0778678290059456,0.0587481527514574,0.105593175843926,0.0688893386715481,0.0406524252702449,0.0410926021911279,0.0348039954238676,0.102530572641606,0.105551412059095,0.0795226404011102,0.0644606381609245,0.0708414537973738,0.0734222503656012,0.0373409584759045,0.0421550327961185,0.0441797079274309,0.0406521542769455,0.0499749566660536,0.0440465254821823,0.0429731926834775,0.0571087295821124,0.0584203528053717,0.0828784828481733,0.0648746329725827,0.0368233972545036,0.0535992354881366,0.042728838405017,0.0517448361769713,0.0353769913969513,0.0338946746992542,0.0333459530209449,0.0564304694878626,0.0730754735998302,0.0370666849221873,0.066446620701801,0.0886938626055738,0.0335153956639061,0.019534678463141
0.106845038285921,0.0394713469387922,0.0577152586341334,0.0681408923683894,0.0763255709703847,0.0439885097408209,0.103474905330884,0.0397760283832977,0.0498596645813368,0.0854075006262766,0.0859526337603004,0.109332004564911,0.0738597306931327,0.0400226510663617,0.0507966125136449,0.026231194142261,0.0985756363904279,0.0979211118888785,0.123612711182918,0.0372552055168228,0.0663613855101173,0.0613730852205566,0.0742343371304955,0.0530248010284843,0.0653516417779695,0.0522206778173154,0.0690907625620108,0.0416324722741388,0.0310373526641127,0.0478470576009081,0.0495407547593089,0.0915384123238848,0.0557876580820189,0.0428806624467974,0.0425959753931684,0.0560251118738267,0.041859741618557,0.0870283775381897,0.0367658478214635,0.0479857126661298,0.0649033550515142,0.0769943682145594,0.0760139061582565,0.13275167048567,0.0526295000658889,0.0781576571148125,0.0272478818267068
0.0551735990398134,0.0659738815632853,0.0561832464684603,0.0468657698987887,0.0909151582704016,0.0533735572590601,0.049156641215745,0.0650786934334449,0.0516476511348548,0.0509268885043426,0.0832119018525814,0.0794162602424772,0.087022595859358,0.0487914609178724,0.0828650588667657,0.0339379314463704,0.073928152760418,0.0552065499868323,0.138108283638721,0.0522618972013968,0.0339775721616964,0.0435115638473658,0.0670886438614557,0.0828758126077723,0.0443096527336784,0.0697228121945694,0.0533031326202215,0.0375947734363314,0.0362707169548461,0.0494810416998874,0.0845673860686938,0.0413030370247624,0.04649116739451,0.0451887833831792,0.0754494760606819,0.0496001164510696,0.0777480073627478,0.0671616404538249,0.071014960490075,0.0429804094833352,0.0564784533764763,0.0827404955343657,0.081546101095037,0.0764006556559345,0.0608389382810633,0.0960071345765032,0.0219581400717145
